<?xml version="1.0" encoding="UTF-8"?>
<project xmlns="http://maven.apache.org/POM/4.0.0" xmlns:xsi="http://www.w3.org/2001/XMLSchema-instance" xsi:schemaLocation="http://maven.apache.org/POM/4.0.0 http://maven.apache.org/maven-v4_0_0.xsd">
  <parent>
    <artifactId>alluxio-keyvalue</artifactId>
    <groupId>org.alluxio</groupId>
    <version>1.0.0</version>
  </parent>
  <modelVersion>4.0.0</modelVersion>
  <groupId>org.alluxio</groupId>
  <artifactId>alluxio-keyvalue-client</artifactId>
  <name>Alluxio Key Value - Client Distribution</name>
  <description>Distribution of client for Alluxio Key Value Store</description>
  <build>
    <plugins>
      <plugin>
        <artifactId>maven-jar-plugin</artifactId>
        <executions>
          <execution>
            <id>empty-javadoc-jar</id>
            <phase>package</phase>
            <goals>
              <goal>jar</goal>
            </goals>
            <configuration>
              <classifier>javadoc</classifier>
              <classesDirectory>${basedir}/javadoc</classesDirectory>
            </configuration>
          </execution>
        </executions>
      </plugin>
      <plugin>
        <artifactId>maven-shade-plugin</artifactId>
        <version>2.2</version>
        <executions>
          <execution>
            <id>shade-thrift</id>
            <phase>package</phase>
            <goals>
              <goal>shade</goal>
            </goals>
            <configuration>
              <artifactSet>
                <includes>
                  <include>org.alluxio:alluxio-keyvalue-common</include>
                  <include>org.alluxio:alluxio-keyvalue-client-internal</include>
                </includes>
              </artifactSet>
              <relocations>
                <relocation>
                  <pattern>org.apache.thrift</pattern>
                  <shadedPattern>alluxio.org.apache.thrift</shadedPattern>
                </relocation>
              </relocations>
            </configuration>
          </execution>
          <execution>
            <id>uber-jar</id>
            <phase>package</phase>
            <goals>
              <goal>shade</goal>
            </goals>
            <configuration>
              <finalName>${project.artifactId}-${project.version}-jar-with-dependencies</finalName>
              <transformers>
                <transformer />
              </transformers>
              <filters>
                <filter>
                  <artifact>*:*</artifact>
                  <excludes>
                    <exclude>LICENSE</exclude>
                    <exclude>META-INF/LICENSE</exclude>
                    <exclude>META-INF/*.SF</exclude>
                    <exclude>META-INF/*.DSA</exclude>
                    <exclude>META-INF/*.RSA</exclude>
                  </excludes>
                </filter>
              </filters>
            </configuration>
          </execution>
        </executions>
      </plugin>
    </plugins>
  </build>
  <profiles>
    <profile>
      <id>spark</id>
      <dependencies>
        <dependency>
          <groupId>org.apache.curator</groupId>
          <artifactId>curator-framework</artifactId>
          <version>${apache.curator.version}</version>
          <scope>provided</scope>
        </dependency>
        <dependency>
          <groupId>org.apache.curator</groupId>
          <artifactId>curator-client</artifactId>
          <version>${apache.curator.version}</version>
          <scope>provided</scope>
        </dependency>
        <dependency>
          <groupId>org.apache.curator</groupId>
          <artifactId>curator-recipes</artifactId>
          <version>${apache.curator.version}</version>
          <scope>provided</scope>
        </dependency>
        <dependency>
          <groupId>org.apache.hadoop</groupId>
          <artifactId>hadoop-client</artifactId>
          <scope>provided</scope>
        </dependency>
      </dependencies>
    </profile>
  </profiles>
  <dependencies>
    <dependency>
      <groupId>org.alluxio</groupId>
      <artifactId>alluxio-core-client</artifactId>
      <version>1.0.0</version>
      <scope>compile</scope>
    </dependency>
    <dependency>
      <groupId>junit</groupId>
      <artifactId>junit</artifactId>
      <version>4.12</version>
      <scope>test</scope>
      <exclusions>
        <exclusion>
          <artifactId>hamcrest-core</artifactId>
          <groupId>org.hamcrest</groupId>
        </exclusion>
      </exclusions>
    </dependency>
    <dependency>
      <groupId>org.mockito</groupId>
      <artifactId>mockito-all</artifactId>
      <version>1.10.8</version>
      <scope>test</scope>
    </dependency>
    <dependency>
      <groupId>org.powermock</groupId>
      <artifactId>powermock-api-mockito</artifactId>
      <version>1.6.1</version>
      <scope>test</scope>
      <exclusions>
        <exclusion>
          <artifactId>powermock-api-support</artifactId>
          <groupId>org.powermock</groupId>
        </exclusion>
      </exclusions>
    </dependency>
    <dependency>
      <groupId>org.powermock</groupId>
      <artifactId>powermock-core</artifactId>
      <version>1.6.1</version>
      <scope>test</scope>
      <exclusions>
        <exclusion>
          <artifactId>javassist</artifactId>
          <groupId>org.javassist</groupId>
        </exclusion>
      </exclusions>
    </dependency>
    <dependency>
      <groupId>org.powermock</groupId>
      <artifactId>powermock-module-junit4</artifactId>
      <version>1.6.1</version>
      <scope>test</scope>
      <exclusions>
        <exclusion>
          <artifactId>powermock-module-junit4-common</artifactId>
          <groupId>org.powermock</groupId>
        </exclusion>
      </exclusions>
    </dependency>
    <dependency>
      <groupId>org.powermock</groupId>
      <artifactId>powermock-reflect</artifactId>
      <version>1.6.1</version>
      <scope>test</scope>
      <exclusions>
        <exclusion>
          <artifactId>objenesis</artifactId>
          <groupId>org.objenesis</groupId>
        </exclusion>
      </exclusions>
    </dependency>
  </dependencies>
  <properties>
    <checkstyle.path>${project.parent.parent.basedir}/build/checkstyle/</checkstyle.path>
    <findbugs.path>${project.parent.parent.basedir}/build/findbugs/</findbugs.path>
    <license.header.path>${project.parent.parent.basedir}/build/license/</license.header.path>
    <failIfNoTests>false</failIfNoTests>
  </properties>
</project>

