<?xml version="1.0" encoding="UTF-8"?>
<project xmlns="http://maven.apache.org/POM/4.0.0" xmlns:xsi="http://www.w3.org/2001/XMLSchema-instance" xsi:schemaLocation="http://maven.apache.org/POM/4.0.0 http://maven.apache.org/maven-v4_0_0.xsd">
  <parent>
    <artifactId>alluxio-underfs</artifactId>
    <groupId>org.alluxio</groupId>
    <version>1.0.0</version>
  </parent>
  <modelVersion>4.0.0</modelVersion>
  <artifactId>alluxio-underfs-s3</artifactId>
  <name>Alluxio Under File System - S3</name>
  <description>S3 Under File System implementation</description>
  <build>
    <plugins>
      <plugin>
        <artifactId>maven-shade-plugin</artifactId>
        <version>2.2</version>
        <executions>
          <execution>
            <id>shade-jets3t</id>
            <phase>package</phase>
            <goals>
              <goal>shade</goal>
            </goals>
            <configuration>
              <artifactSet>
                <includes>
                  <include>net.java.dev.jets3t</include>
                </includes>
              </artifactSet>
              <filters>
                <filter>
                  <artifact>net.java.dev.jets3t:jets3t</artifact>
                  <includes>
                    <include>org/jets3t/**</include>
                  </includes>
                </filter>
              </filters>
              <relocations>
                <relocation>
                  <pattern>org.jets3t</pattern>
                  <shadedPattern>alluxio.org.jets3t</shadedPattern>
                </relocation>
              </relocations>
            </configuration>
          </execution>
        </executions>
      </plugin>
    </plugins>
  </build>
  <dependencies>
    <dependency>
      <groupId>com.google.guava</groupId>
      <artifactId>guava</artifactId>
      <version>14.0.1</version>
      <scope>compile</scope>
    </dependency>
    <dependency>
      <groupId>org.slf4j</groupId>
      <artifactId>slf4j-api</artifactId>
      <version>1.7.2</version>
      <scope>compile</scope>
    </dependency>
    <dependency>
      <groupId>org.alluxio</groupId>
      <artifactId>alluxio-core-common</artifactId>
      <version>1.0.0</version>
      <scope>compile</scope>
    </dependency>
    <dependency>
      <groupId>com.jamesmurty.utils</groupId>
      <artifactId>java-xmlbuilder</artifactId>
      <version>0.4</version>
      <scope>compile</scope>
    </dependency>
    <dependency>
      <groupId>commons-codec</groupId>
      <artifactId>commons-codec</artifactId>
      <version>1.3</version>
      <scope>compile</scope>
    </dependency>
    <dependency>
      <groupId>commons-httpclient</groupId>
      <artifactId>commons-httpclient</artifactId>
      <version>3.1</version>
      <scope>compile</scope>
    </dependency>
    <dependency>
      <groupId>commons-logging</groupId>
      <artifactId>commons-logging</artifactId>
      <version>1.1.1</version>
      <scope>compile</scope>
    </dependency>
    <dependency>
      <groupId>junit</groupId>
      <artifactId>junit</artifactId>
      <version>4.12</version>
      <scope>test</scope>
      <exclusions>
        <exclusion>
          <artifactId>hamcrest-core</artifactId>
          <groupId>org.hamcrest</groupId>
        </exclusion>
      </exclusions>
    </dependency>
    <dependency>
      <groupId>org.mockito</groupId>
      <artifactId>mockito-all</artifactId>
      <version>1.10.8</version>
      <scope>test</scope>
    </dependency>
    <dependency>
      <groupId>org.powermock</groupId>
      <artifactId>powermock-api-mockito</artifactId>
      <version>1.6.1</version>
      <scope>test</scope>
      <exclusions>
        <exclusion>
          <artifactId>powermock-api-support</artifactId>
          <groupId>org.powermock</groupId>
        </exclusion>
      </exclusions>
    </dependency>
    <dependency>
      <groupId>org.powermock</groupId>
      <artifactId>powermock-core</artifactId>
      <version>1.6.1</version>
      <scope>test</scope>
      <exclusions>
        <exclusion>
          <artifactId>javassist</artifactId>
          <groupId>org.javassist</groupId>
        </exclusion>
      </exclusions>
    </dependency>
    <dependency>
      <groupId>org.powermock</groupId>
      <artifactId>powermock-module-junit4</artifactId>
      <version>1.6.1</version>
      <scope>test</scope>
      <exclusions>
        <exclusion>
          <artifactId>powermock-module-junit4-common</artifactId>
          <groupId>org.powermock</groupId>
        </exclusion>
      </exclusions>
    </dependency>
    <dependency>
      <groupId>org.powermock</groupId>
      <artifactId>powermock-reflect</artifactId>
      <version>1.6.1</version>
      <scope>test</scope>
      <exclusions>
        <exclusion>
          <artifactId>objenesis</artifactId>
          <groupId>org.objenesis</groupId>
        </exclusion>
      </exclusions>
    </dependency>
  </dependencies>
  <properties>
    <checkstyle.path>${project.parent.parent.basedir}/build/checkstyle/</checkstyle.path>
    <findbugs.path>${project.parent.parent.basedir}/build/findbugs/</findbugs.path>
    <license.header.path>${project.parent.parent.basedir}/build/license/</license.header.path>
  </properties>
</project>

