parameter,defaultValue
alluxio.worker.tieredstore.levels,1
alluxio.worker.tieredstore.level{x}.alias,MEM<div>(for alluxio.worker.tieredstore.</div><div>level0.alias)</div>
alluxio.worker.tieredstore.level{x}.dirs.path,/mnt/ramdisk<div>(for alluxio.worker.tieredstore.</div><div>level0.dirs.path)</div>
alluxio.worker.tieredstore.level{x}.dirs.quota,128MB<div>(for alluxio.worker.tieredstore.</div><div>level0.dirs.quota)</div>
alluxio.worker.tieredstore.level{x}.reserved.ratio,0.1
alluxio.worker.tieredstore.reserver.enabled,false
alluxio.worker.tieredstore.reserver.interval.ms,1000
alluxio.worker.allocator.class,<div>alluxio.worker.block.allocator.</div><div>MaxFreeAllocator</div>
alluxio.worker.evictor.class,<div>alluxio.worker.block.evictor.</div><div>LRUEvictor</div>